Workbook

Sheet About
A1: EventCraft — Information Security Risk Register
A2: ISO/IEC 27001:2022-aligned risk assessment, self-directed portfolio project
A4: Scope & Subject
A5: This risk register assesses EventCraft, a role-based event management platform built for the Fulda University community as part of the Master Team Project (GDSD program, Hochschule Fulda, Fall/Winter 2025). The assessment is based on the platform's actual documented architecture: React 19 + Tailwind CSS frontend, NestJS + Prisma backend, MySQL database, Socket.IO real-time chat, all containerized with Docker behind Nginx on a single Azure VM.
A7: Methodology
A8: Risks were identified from the platform's documented data entities, authentication/authorization design, and known architectural decisions (see Milestone 2 and Milestone 4 project documents). Each risk is scored using a 5x5 Likelihood x Impact matrix (1=lowest, 5=highest), consistent with common ISO/IEC 27005 risk-assessment practice referenced by ISO/IEC 27001 Clause 6.1.2. Risk Score = Likelihood x Impact. Existing controls are drawn from the platform's actual implementation where documented (e.g., bcrypt password hashing, NestJS ValidationPipe, CORS whitelisting); items marked 'Unverified' or 'Not documented' reflect genuine gaps in available evidence, not assumed controls.
A10: Risk Scoring Legend
A11: Risk Score 15-25 = High | Risk Score 8-14 = Medium | Risk Score 1-7 = Low
A13: Author & Purpose
A14: Prepared by Venkat Bhavan Tati as a self-directed application of ISO/IEC 27001 risk management concepts to a real system, alongside ongoing PortSwigger Web Security Academy and hands-on lab practice. This is an independent learning exercise, not an official audit of EventCraft or an endorsement by the EventCraft project team.
A16: Related documents
A17: - Risk Register (this workbook, 'Risk Register' tab)
... A19: - EventCraft Web Application & Network Pentest Report (separate document, in progress)

Sheet Risk Register
A1: Risk ID | B1: Asset | C1: Threat | D1: Vulnerability | E1: Likelihood (1-5) | F1: Impact (1-5) | G1: Risk Score | H1: Risk Level | I1: Existing Controls | J1: Residual Risk | K1: Treatment Plan | L1: Owner | M1: Status
A2: R-01 | B2: Azure VM (single instance hosting frontend, backend, DB) | C2: Service outage / denial of service | D2: No redundancy or failover; single point of failure for entire platform | E2: 3 | F2: 4 | G2: =E2*F2 -> 12 | H2: =IF(G2>=15,"High",IF(G2>=8,"Medium","Low")) -> Medium | I2: Docker containerization; Nginx reverse proxy | J2: High | K2: Add load balancer and secondary instance, or migrate database to a managed service | L2: Infrastructure Team | M2: Open
A3: R-02 | B3: MySQL database (Users, Events, Reviews, Loyalty Points) | C3: Unauthorized data access / data breach | D3: Database co-hosted on application VM; protected only by credentials, not network isolation | E3: 3 | F3: 5 | G3: =E3*F3 -> 15 | H3: =IF(G3>=15,"High",IF(G3>=8,"Medium","Low")) -> High | I3: bcrypt password hashing (cost factor 10); DB access restricted to defined ports | J3: Medium | K3: Enable encryption at rest; restrict DB port to internal network only; rotate credentials on a schedule | L3: Backend Lead | M3: Partially Mitigated
A4: R-03 | B4: User authentication (JWT via Passport.js) | C4: Session hijacking / token theft | D4: Intercepted or long-lived JWTs could allow account takeover | E4: 2 | F4: 4 | G4: =E4*F4 -> 8 | H4: =IF(G4>=15,"High",IF(G4>=8,"Medium","Low")) -> Medium | I4: JwtAuthGuard on protected endpoints; Passport.js JWT strategy | J4: Medium | K4: Add short token expiry with refresh-token rotation; enforce HTTPS on all endpoints | L4: Backend Lead | M4: Partially Mitigated
A5: R-04 | B5: Password storage | C5: Credential compromise via offline cracking | D5: Weak hashing could allow rainbow-table or brute-force attacks if DB is exfiltrated | E5: 2 | F5: 5 | G5: =E5*F5 -> 10 | H5: =IF(G5>=15,"High",IF(G5>=8,"Medium","Low")) -> Medium | I5: bcryptjs, cost factor 10; hashes never exposed in API responses | J5: Low | K5: Review hashing cost factor periodically as available compute increases | L5: Backend Team | M5: Mitigated
A6: R-05 | B6: Event banner file uploads | C6: Malicious file upload (web shell / RCE) | D6: Insufficient validation could allow upload of executable content | E6: 2 | F6: 4 | G6: =E6*F6 -> 8 | H6: =IF(G6>=15,"High",IF(G6>=8,"Medium","Low")) -> Medium | I6: MIME-type validation (JPEG/PNG/WebP only); 5MB size limit; UUID filenames prevent path traversal | J6: Low | K6: Add malware/antivirus scanning on upload; store uploads outside the web root | L6: Backend Team | M6: Mitigated
A7: R-06 | B7: Real-time chat (Socket.IO, ChatGroup/ChatGroupMember) | C7: Unauthorized access to private or event chats | D7: Namespace or room misconfiguration could expose chat contents to non-members | E7: 2 | F7: 3 | G7: =E7*F7 -> 6 | H7: =IF(G7>=15,"High",IF(G7>=8,"Medium","Low")) -> Low | I7: RBAC enforcement; ChatGroupMember functions as an explicit access list | J7: Low | K7: Periodic access-list audits; targeted testing of chat authorization logic | L7: Backend Lead | M7: Mitigated
A8: R-07 | B8: Admin panel / Role-Based Access Control | C8: Privilege escalation (Participant/EventOwner reaching Admin functions) | D8: Broken access control if role checks are enforced client-side only, not server-side | E8: 3 | F8: 5 | G8: =E8*F8 -> 15 | H8: =IF(G8>=15,"High",IF(G8>=8,"Medium","Low")) -> High | I8: Server-side RBAC via NestJS guards (per architecture docs; not independently verified) | J8: Medium (unverified) | K8: Formal penetration test of all admin endpoints to confirm server-side enforcement (see Pentest Report) | L8: Backend Lead | M8: Open — pending verification
A9: R-08 | B9: Third-party AI banner generation integration | C9: Data leakage to external service / prompt injection | D9: Event title and description are sent to an external generative-AI API; data handling not documented | E9: 2 | F9: 2 | G9: =E9*F9 -> 4 | H9: =IF(G9>=15,"High",IF(G9>=8,"Medium","Low")) -> Low | I9: Not documented in available project materials | J9: Medium | K9: Review the AI provider's data handling and retention policy; document the data flow | L9: Team Lead | M9: Open
A10: R-09 | B10: CORS configuration | C10: Unauthorized cross-origin requests | D10: A misconfigured allow-list could let malicious sites call the API on a victim's behalf | E10: 2 | F10: 3 | G10: =E10*F10 -> 6 | H10: =IF(G10>=15,"High",IF(G10>=8,"Medium","Low")) -> Low | I10: Explicit origin whitelisting via CORS_ORIGINS environment variable | J10: Low | K10: Review whitelist entries at each deployment; alert on whitelist changes | L10: Backend Team | M10: Mitigated
A11: R-10 | B11: API input validation (event/review submissions) | C11: Injection attacks (SQL injection, stored XSS) | D11: Unvalidated user input on event, review, or profile fields | E11: 2 | F11: 4 | G11: =E11*F11 -> 8 | H11: =IF(G11>=15,"High",IF(G11>=8,"Medium","Low")) -> Medium | I11: NestJS global ValidationPipe; class-validator DTOs; Prisma ORM uses parameterized queries | J11: Low | K11: Add automated SAST scanning to the CI/CD pipeline | L11: Backend Lead | M11: Mitigated
A12: R-11 | B12: GitHub repository / CI-CD pipeline | C12: Supply chain compromise / leaked secrets | D12: A misconfigured or overly public repo could expose source code, secrets, or accept malicious commits | E12: 2 | F12: 4 | G12: =E12*F12 -> 8 | H12: =IF(G12>=15,"High",IF(G12>=8,"Medium","Low")) -> Medium | I12: Secrets kept in environment variables, enforced via code review (see PR history on api.js); separate dev/main CI-CD branches | J12: Low | K12: Add automated secret-scanning (e.g., gitleaks) to the CI pipeline | L12: GitHub Master | M12: Partially Mitigated
A13: R-12 | B13: QR code check-in / attendance data | C13: Forged or replayed QR codes | D13: A predictable qr_check_in_token could allow attendance fraud | E13: 2 | F13: 2 | G13: =E13*F13 -> 4 | H13: =IF(G13>=15,"High",IF(G13>=8,"Medium","Low")) -> Low | I13: Unique qr_check_in_token issued per participation record | J13: Low | K13: Verify token randomness/entropy; add expiry once the event has ended | L13: Backend Team | M13: Open
... A15: R-14 | B15: Notification system | C15: Notification spoofing or spam / flooding | D15: No documented rate limiting on notification-triggering endpoints | E15: 2 | F15: 2 | G15: =E15*F15 -> 4 | H15: =IF(G15>=15,"High",IF(G15>=8,"Medium","Low")) -> Low | I15: Not documented in available project materials | J15: Medium | K15: Add rate limiting on endpoints that trigger notifications | L15: Backend Team | M15: Open

Sheet Summary
A1: EventCraft Risk Register — Summary
A3: Total risks identified | B3: =COUNTA('Risk Register'!A2:A15) -> 14
A5: By Risk Level
A6: High | B6: =COUNTIF('Risk Register'!H2:H15,"High") -> 2
A7: Medium | B7: =COUNTIF('Risk Register'!H2:H15,"Medium")+COUNTIF('Risk Register'!H2:H15,"Medium (unverified)") -> 6
A8: Low | B8: =COUNTIF('Risk Register'!H2:H15,"Low") -> 6
A10: By Status
A11: Open | B11: =COUNTIF('Risk Register'!M2:M15,"Open")+COUNTIF('Risk Register'!M2:M15,"Open — pending verification") -> 5
A12: Partially Mitigated | B12: =COUNTIF('Risk Register'!M2:M15,"Partially Mitigated") -> 3
A13: Mitigated | B13: =COUNTIF('Risk Register'!M2:M15,"Mitigated") -> 6
